filename,vulnerability_count
1765711004374_case1.md,0
1765711007948_case2.md,0
1765711012556_case3.md,0
1765711014809_case4.md,0
1765711020441_case5.md,0
1765711023103_case6.md,0
1765711026174_case7.md,0
1765711031295_case8.md,0
1765711034366_case9.md,0
1765711037029_case10.md,0
1765711039796_case11.md,0
1765711042559_case12.md,0
1765711049830_case13.md,0
1765711052465_case14.md,0
1765711054437_case15.md,0
1765711058227_case16.md,0
1765711061298_case17.md,0
1765711063552_case18.md,0
1765711066111_case19.md,0
1765711068466_case20.md,0
1765711071026_case21.md,0
1765711074712_case22.md,0
1765711077580_case23.md,0
1765711080447_case24.md,0
1765711084133_case25.md,0
1765711087205_case26.md,0
1765711090073_case27.md,0
1765711092837_case28.md,0
1765711096524_case29.md,0
1765711100005_case30.md,0
1765711103692_case31.md,0
1765711107071_case32.md,0
1765711109734_case33.md,0
1765711112499_case34.md,0
1765711119257_case35.md,0
1765711123865_case36.md,0
1765711126937_case37.md,0
1765711130828_case38.md,0
1765711134413_case39.md,0
1765711137382_case40.md,0
1765711140249_case41.md,0
1765711143014_case42.md,0
1765711146086_case43.md,0
1765711149056_case44.md,0
1765711151616_case45.md,0
1765711157248_case46.md,0
1765711159501_case47.md,0
1765711162880_case48.md,0
1765711165543_case49.md,0
1765711168614_case50.md,0
1765711171789_case51.md,0
1765711175066_case52.md,0
1765711177829_case53.md,0
1765711181619_case54.md,0
1765711184691_case55.md,0
1765711188583_case56.md,0
1765711191347_case57.md,0
1765711195546_case58.md,0
1765711198312_case59.md,0
1765711201588_case60.md,0
1765711204455_case61.md,0
1765711207015_case62.md,0
1765711209575_case63.md,0
1765711212135_case64.md,0
1765711215105_case65.md,0
1765711217871_case66.md,0
1765711221863_case67.md,0
1765711225550_case68.md,0
1765711228519_case69.md,0
1765711231284_case70.md,0
1765711233844_case71.md,0
1765711236711_case72.md,0
1765711239886_case73.md,0
1765711243060_case74.md,0
1765711245927_case75.md,0
1765711249614_case76.md,0
1765711253506_case77.md,0
1765711256680_case78.md,0
1765711259343_case79.md,0
1765711262619_case80.md,0
1765711266613_case81.md,0
1765711269070_case82.md,0
1765711271425_case83.md,0
1765711277058_case84.md,0
1765711279822_case85.md,0
1765711284123_case86.md,0
1765711286990_case87.md,0
1765711289857_case88.md,0
1765711292526_case89.md,0
1765711295388_case90.md,0
1765711298357_case91.md,0
1765711301122_case92.md,0
1765711304194_case93.md,0
1765711306967_case94.md,0
1765711309826_case95.md,0
1765711313204_case96.md,0
1765711316994_case97.md,0
1765711319963_case98.md,0
1765711322629_case99.md,0
1765711325084_case100.md,0
1765711328363_case101.md,0
1765711333993_case102.md,0
1765711336553_case103.md,0
1765711340752_case104.md,0
1765711343823_case105.md,0
1765711346998_case106.md,0
1765711350070_case107.md,0
1765711353960_case108.md,0
1765711357135_case109.md,0
1765711359798_case110.md,0
1765711366045_case111.md,0
1765711369220_case112.md,0
1765711372803_case113.md,0
1765711376284_case114.md,0
1765711378640_case115.md,0
1765711383047_case116.md,0
1765711386422_case117.md,0
1765711390215_case118.md,0
1765711393693_case119.md,0
1765711396457_case120.md,0
1765711399225_case121.md,0
1765711401987_case122.md,0
1765711405879_case123.md,0
1765711409269_case124.md,0
1765711417756_case125.md,0
1765711420521_case126.md,0
1765711423798_case127.md,0
1765711427177_case128.md,0
1765711430147_case129.md,0
1765711434387_case130.md,0
1765711437723_case131.md,0
1765711441922_case132.md,0
1765711445813_case133.md,0
1765711450113_case134.md,0
1765711453184_case135.md,0
1765711455745_case136.md,0
1765711463322_case137.md,0
1765711465677_case138.md,0
1765711468953_case139.md,0
1765711471411_case140.md,0
1765711474380_case141.md,0
1765711477964_case142.md,0
1765711481138_case143.md,0
1765711485029_case144.md,0
1765711488203_case145.md,0
1765711491378_case146.md,0
1765711494449_case147.md,0
1765711497214_case148.md,0
1765711501412_case149.md,0
1765711504791_case150.md,0
1765711507555_case151.md,0
1765711511446_case152.md,0
1765711515337_case153.md,0
1765711518409_case154.md,0
1765711520969_case155.md,0
1765711524245_case156.md,0
1765711526703_case157.md,0
1765711530799_case158.md,0
1765711533256_case159.md,0
1765711536634_case160.md,0
1765711539707_case161.md,0
1765711543700_case162.md,0
1765711547182_case163.md,0
1765711550560_case164.md,0
1765711554145_case165.md,0
1765711557114_case166.md,0
1765711561005_case167.md,0
1765711564285_case168.md,0
1765711566432_case169.md,0
1765711570118_case170.md,0
1765711572883_case171.md,0
1765711576671_case172.md,0
1765711580562_case173.md,0
1765711583941_case174.md,0
1765711587115_case175.md,0
1765711589880_case176.md,0
1765711593260_case177.md,0
1765711596333_case178.md,0
1765711599712_case179.md,0
1765711604113_case180.md,0
1765711606981_case181.md,0
1765711609950_case182.md,0
1765711612612_case183.md,0
1765711615069_case184.md,0
1765711617936_case185.md,0
1765711620496_case186.md,0
1765711623158_case187.md,0
1765711626332_case188.md,0
1765711631248_case189.md,0
1765711634115_case190.md,0
1765711637084_case191.md,0
1765711639747_case192.md,0
1765711642306_case193.md,0
1765711645890_case194.md,0
1765711648757_case195.md,0
1765711651726_case196.md,0
1765711655003_case197.md,0
1765711657972_case198.md,0
1765711660328_case199.md,0
1765711663707_case200.md,0
